"","test_stat","test_stat.1","test_stat.2","test_stat.3","test_stat.4","test_stat.5","test_stat.6","test_stat.7","test_stat.8","test_stat.9","test_stat.10","test_stat.11","test_stat.12","test_stat.13","test_stat.14","test_stat.15","test_stat.16","test_stat.17","test_stat.18","test_stat.19"
"dCor",0.327238064780336,0.331623267520612,0.338254688554584,0.324615811237141,0.322818899289259,0.336300350717445,0.335904183973062,0.320112760690584,0.328928032528962,0.314979215342689,0.320195418825724,0.32568883392924,0.32899938748923,0.330258405826809,0.324861964095603,0.340283536473164,0.346647245957451,0.32208672971544,0.310896678664401,0.324597891330329
